executor,mode,rate_hz,achieved_rate_hz,duration_s,load_threads,published,received,lost,logger_dropped,loans_pub,loans_sub,sched_ok,affinity_ok,mlock_ok,wake_p50_ns,wake_p99_ns,wake_p999_ns,wake_max_ns,wake_missed,wake_total
stock,copy,100,109.006,10,0,1092,2184,0,0,0,0,0,0,0,898807,1174890,1425470,1471374,0,1092
stock,copy,500,545.424,10,0,5463,10926,0,0,0,0,0,0,0,238191,284479,449431,704200,0,5463
stock,copy,1000,1090.87,10,0,10923,21846,0,0,0,0,0,0,0,153557,181700,216313,305048,0,10923
stock,loaned,100,109.042,10,0,1091,2182,0,0,0,0,0,0,0,892214,991858,1276244,1387141,0,1091
stock,loaned,500,545.433,10,0,5463,10926,0,0,0,0,0,0,0,237341,276857,306564,493172,0,5463
stock,loaned,1000,1090.9,10,0,10926,21852,0,0,0,0,0,0,0,153218,182477,273308,677672,0,10926
stock,shm,100,109.023,10,0,1092,2184,0,0,0,0,0,0,0,901627,1032563,1450898,1653343,0,1092
stock,shm,500,545.429,10,0,5463,10924,0,0,0,0,0,0,0,239457,291379,457403,850600,0,5463
stock,shm,1000,1090.85,10,0,10926,21846,0,0,0,0,0,0,0,155341,186095,274023,441970,0,10926
rt,copy,100,99.8977,10,0,1001,2002,0,0,0,0,0,0,0,31510,76531,267972,497463,0,1001
rt,copy,500,499.893,10,0,5008,10016,0,0,0,0,0,0,0,20553,49909,172296,588948,0,5008
rt,copy,1000,999.881,10,0,10014,20028,0,0,0,0,0,0,0,19337,48741,101566,218895,0,10014
rt,loaned,100,99.898,10,0,1000,2000,0,0,0,0,0,0,0,30812,70319,333999,695652,0,1000
rt,loaned,500,499.892,10,0,5006,10012,0,0,0,0,0,0,0,18619,93920,429383,672251,0,5006
rt,loaned,1000,999.881,10,0,10014,20028,0,0,0,0,0,0,0,22476,52634,93714,140040,0,10014
rt,shm,100,99.898,10,0,1000,2000,0,0,0,0,0,0,0,31882,115460,354799,411451,0,1000
rt,shm,500,499.892,10,0,5008,10014,0,0,0,0,0,0,0,18089,52884,258519,555640,0,5008
rt,shm,1000,999.686,10,0,10014,20024,0,0,0,0,0,0,0,22161,47397,96696,2521934,3,10014
